district,taluka,area_ha,annual_recharge_ham,annual_extraction_ham,stage_of_extraction_pct,category_raw,source_page
AHMEDNAGAR,SANGAMNER,164094.9,13780.0,12788.7,92.8,critical,200
AHMEDNAGAR,PATHARDI,110910.0,10985.6,9098.4,82.8,semi_critical,200
AHMEDNAGAR,NAGAR,131868.0,12009.1,8005.1,66.7,safe,200
AHMEDNAGAR,KOPARGAON,66643.4,7719.5,7193.2,93.2,critical,200
AHMEDNAGAR,KARJAT,139398.0,11738.9,7418.7,63.2,safe,200
AHMEDNAGAR,AKOLA,123350.0,8350.3,6644.2,79.6,semi_critical,200
AHMEDNAGAR,JAMKHED,68603.0,6234.9,3878.0,62.2,safe,200
AHMEDNAGAR,NEWASA,132780.0,16804.8,14570.2,86.7,semi_critical,200
AHMEDNAGAR,PARNER,177332.0,16045.5,6625.4,41.3,safe,200
AHMEDNAGAR,RHATA,65448.4,7936.8,8986.6,113.2,over_exploited,200
AHMEDNAGAR,SHEVGAON,94578.0,8689.9,7359.4,84.7,semi_critical,200
AHMEDNAGAR,SHRIGONDA,135667.0,11462.6,8745.6,76.3,semi_critical,200
AHMEDNAGAR,SHRIRAMPUR,58316.3,7954.7,7301.8,91.8,critical,200
AHMEDNAGAR,RAHURI,93486.0,12794.3,12170.0,95.1,critical,200
AKOLA,AKOT,80449.2,4341.9,2815.4,64.8,safe,200
AKOLA,AKOLA,99521.9,4395.4,2632.0,59.9,safe,200
AKOLA,BALAPUR,67013.1,4350.9,2709.1,62.3,safe,200
AKOLA,BARSI TAKLI,68347.4,5542.5,4031.3,72.7,semi_critical,200
AKOLA,MURTIZAPUR,76798.0,5059.9,3477.6,68.7,safe,200
AKOLA,PATUR,59873.3,5756.4,3750.7,65.2,safe,200
AKOLA,TELHARA,62162.0,6838.3,4383.1,64.1,safe,201
AMRAVATI,ACHLAPUR,63812.0,7503.7,7258.6,96.7,critical,201
AMRAVATI,AMRAVATI,80309.0,7238.5,5553.5,76.7,semi_critical,201
AMRAVATI,,52089.0,5132.5,3057.5,59.6,safe,201
AMRAVATI,BHATKULI,57991.0,396.3,213.8,54.0,safe,201
AMRAVATI,CHANDUR BAZAR,66563.0,6422.0,9195.7,143.2,over_exploited,201
AMRAVATI,,47062.0,5040.1,3314.0,65.8,safe,201
AMRAVATI,CHIKHALDARA,31728.0,2997.0,1979.1,66.0,safe,201
AMRAVATI,DARYAPUR,77689.0,0.0,0.0,0.0,salinity,201
AMRAVATI,,59692.0,5835.4,4295.9,73.6,semi_critical,201
AMRAVATI,DHARNI,39180.0,3669.2,1881.2,51.3,safe,201
AMRAVATI,MORSHI,70106.0,9414.0,9488.8,100.8,over_exploited,201
AMRAVATI,NANDGAON,70595.0,7314.3,5646.1,77.2,semi_critical,201
AMRAVATI,TIWSA,53891.0,8597.8,5787.9,67.3,safe,201
AMRAVATI,WARUD,68532.0,10753.6,16077.1,149.5,over_exploited,201
AURANGABAD,AURANGABAD,147407.3,12181.7,8940.8,73.4,semi_critical,201
AURANGABAD,FULAMBRE,39998.8,4645.7,3495.4,75.2,semi_critical,201
AURANGABAD,GANGAPUR,128019.0,12886.1,9205.9,71.4,semi_critical,201
AURANGABAD,KANNAD,128047.0,15825.3,10524.2,66.5,safe,201
AURANGABAD,KHULDABAD,43724.0,5606.5,4019.7,71.7,semi_critical,201
AURANGABAD,PAITHAN,149988.0,17885.3,12809.6,71.6,semi_critical,201
AURANGABAD,SILLOD,117696.0,12808.3,9116.2,71.2,semi_critical,202
AURANGABAD,SOYEGAON,60928.0,4865.9,3087.3,63.4,safe,202
AURANGABAD,VAIJAPUR,134366.0,14931.6,11615.9,77.8,semi_critical,202
BEED,AMBEJOGAI,89860.0,10068.0,5388.1,53.5,safe,202
BEED,ASHTI,143644.0,16275.7,10301.3,63.3,safe,202
BEED,BEED,134779.0,15226.3,9767.1,64.1,safe,202
BEED,DHARUR,23576.0,2852.9,1545.3,54.2,safe,202
BEED,GEVRAI,147921.0,17533.4,11894.7,67.8,safe,202
BEED,KAIJ,132030.0,14161.6,9049.4,63.9,safe,202
BEED,MAJALGAON,92096.0,11737.5,6548.9,55.8,safe,202
BEED,PARLI,63526.0,11301.1,4268.6,37.8,safe,202
BEED,PATODA,72377.0,8424.3,5685.4,67.5,safe,202
BEED,SHIRUR KA,61407.0,6883.4,4103.7,59.6,safe,202
BEED,WADVANI,73989.0,9041.0,4592.3,50.8,safe,202
BHANDARA,BHANDARA,63776.0,8289.4,3529.1,42.6,safe,202
BHANDARA,LAKHANDUR,45038.0,36831.0,3182.2,8.6,safe,202
BHANDARA,LAKHANI,46600.0,5816.2,3181.0,54.7,safe,202
BHANDARA,MOHADI,51494.0,5818.2,3312.2,56.9,safe,202
BHANDARA,PAUNI,64046.0,14969.2,5488.6,36.7,safe,202
BHANDARA,SAKOLI,53420.0,6880.7,3590.1,52.2,safe,202
BHANDARA,TUMSAR,72123.0,8215.6,3951.9,48.1,safe,202
BULDHANA,BULDHANA,60748.0,7567.0,6313.3,83.4,semi_critical,202
BULDHANA,CHIKHALI,93581.0,10897.6,8393.6,77.0,semi_critical,202
BULDHANA,DEULGAON RAJA,44866.0,5618.8,4342.0,77.3,semi_critical,203
BULDHANA,JALGAON,54218.0,5200.2,6029.1,115.9,over_exploited,203
BULDHANA,KHAMGAON,96087.0,10098.1,6918.2,68.5,safe,203
BULDHANA,LONAR,57912.0,7345.1,4759.7,64.8,safe,203
BULDHANA,MALAKAPUR,44372.0,4806.5,3623.2,75.4,semi_critical,203
BULDHANA,MEHKAR,90285.0,10741.4,6605.6,61.5,safe,203
BULDHANA,MOTALA,56018.0,5379.6,4241.1,78.8,semi_critical,203
BULDHANA,NANDURA,53625.0,4976.3,3944.6,79.3,semi_critical,203
BULDHANA,SANGRAMPUR,51627.0,4122.1,4743.1,115.1,over_exploited,203
BULDHANA,SHEGAON,50979.0,3177.3,1821.3,57.3,safe,203
BULDHANA,SINDKHEDRAJA,66297.0,8036.5,5956.8,74.1,semi_critical,203
CHANDRAPUR,BALLARPUR,43059.0,5749.5,1018.9,17.7,safe,203
CHANDRAPUR,BHADRAVATI,142621.0,13208.3,2917.7,22.1,safe,203
CHANDRAPUR,BRAHMAPURI,72363.0,7497.6,3287.9,43.9,safe,203
CHANDRAPUR,CHANDRAPUR,94061.0,9868.2,2111.9,21.4,safe,203
CHANDRAPUR,CHIMMUR,64777.0,5660.5,2521.9,44.6,safe,203
CHANDRAPUR,GONDPIPRI,73430.0,7161.5,1817.9,25.4,safe,203
CHANDRAPUR,JIWATI,43178.0,3235.7,1038.9,32.1,safe,203
CHANDRAPUR,KORPANA,43159.0,2544.2,791.3,31.1,safe,203
CHANDRAPUR,MUL,40572.0,5250.2,1683.8,32.1,safe,203
CHANDRAPUR,NAGBHIND,65337.0,8682.1,2887.9,33.3,safe,203
CHANDRAPUR,POBHURNA,36463.0,4467.1,1236.1,27.7,safe,203
CHANDRAPUR,RAJURA,82548.0,7321.3,1958.5,26.8,safe,203
CHANDRAPUR,SAWALI,59050.0,8303.7,2025.3,24.4,safe,203
CHANDRAPUR,SINDEWALI,78649.0,10351.7,3337.9,32.2,safe,204
CHANDRAPUR,WARORA,108390.0,11600.9,3884.3,33.5,safe,204
DHULE,DHULE,182626.0,18976.2,11396.0,60.1,safe,204
DHULE,SAKRI,196767.0,19490.3,9654.0,49.5,safe,204
DHULE,SHIRPUR,130779.0,16344.7,7769.1,47.5,safe,204
DHULE,SINDKHEDA,131960.0,14096.2,6855.1,48.6,safe,204
GADCHIROLI,AHERI,114098.5,10957.4,1473.7,13.4,safe,204
GADCHIROLI,KORCHI,38658.7,4758.2,1227.6,25.8,safe,204
GADCHIROLI,GADCHIROLI,51743.8,6512.5,1733.5,26.6,safe,204
GADCHIROLI,WADSA,38873.0,6455.6,1671.0,25.9,safe,204
GADCHIROLI,ETAPALLI,114792.2,12288.7,1985.6,16.2,safe,204
GADCHIROLI,ARMORI,63493.9,8872.8,2761.8,31.1,safe,204
GADCHIROLI,BHAMRAGAD,37688.2,3522.1,275.9,7.8,safe,204
GADCHIROLI,CHAMORSHI,125583.7,13563.9,3318.4,24.5,safe,204
GADCHIROLI,DHANORA,75416.3,9046.6,2443.1,27.0,safe,204
GADCHIROLI,KURKHEDA,76871.9,9945.3,3183.7,32.0,safe,204
GADCHIROLI,MULCHERA,70866.1,7506.9,1684.0,22.4,safe,204
GADCHIROLI,SORONCHA,78563.0,9433.4,3306.0,35.0,safe,204
GONDIA,TIRORA,52133.3,7250.7,1977.3,27.3,safe,204
GONDIA,AMGAON,35689.1,4787.9,1414.5,29.5,safe,204
GONDIA,DEORI,80783.7,8593.1,1274.5,14.8,safe,204
GONDIA,GONDIA,62169.5,8113.5,2749.6,33.9,safe,204
GONDIA,GOREGAON,41385.4,4766.7,2091.1,43.9,safe,204
GONDIA,SALEKASA,39296.0,6323.7,1484.1,23.5,safe,204
GONDIA,,87477.0,14060.8,2395.8,17.0,safe,205
GONDIA,SADAK ARJUNI,60770.8,8470.5,3021.8,35.7,safe,205
HINGOLI,AUNDHA,81961.0,22213.1,7044.7,31.7,safe,205
HINGOLI,BASMATH,76436.0,34651.8,11053.4,31.9,safe,205
HINGOLI,HINGOLI,94832.0,14971.9,5376.9,35.9,safe,205
HINGOLI,KALMNURI,94891.0,17575.3,8300.7,47.2,safe,205
HINGOLI,SENGAON,118121.0,16193.1,6672.9,41.2,safe,205
JALGAON,BHUSAWAL,53818.0,5800.2,4489.2,77.4,semi_critical,205
JALGAON,AMALNER,89266.0,11980.0,8542.5,71.3,semi_critical,205
JALGAON,BHADGAON,49142.0,10055.8,7993.4,79.5,semi_critical,205
JALGAON,BODWAD,35669.0,3912.8,3038.2,77.6,semi_critical,205
JALGAON,CHALISGAON,103335.0,14149.9,10740.3,75.9,semi_critical,205
JALGAON,CHOPDA,110180.0,11088.3,9201.6,83.0,semi_critical,205
JALGAON,DHARANGAON,45418.0,8005.2,4390.4,54.8,safe,205
JALGAON,ERANDOL,49177.0,6949.4,4731.3,68.1,safe,205
JALGAON,JALGAON,83198.0,8539.2,4648.1,54.4,safe,205
JALGAON,JAMNER,126843.0,12825.2,9115.4,71.1,semi_critical,205
JALGAON,MUKTAINAGAR,63392.0,5501.2,4076.7,74.1,semi_critical,205
JALGAON,PACHORA,79609.0,10380.6,7621.4,73.4,semi_critical,205
JALGAON,PAROLA,71160.0,7550.7,6209.1,82.2,semi_critical,205
JALGAON,RAVER,93907.0,9926.6,12550.5,126.4,over_exploited,205
JALGAON,YAWAL,83769.0,8319.7,8963.7,107.7,over_exploited,205
JALNA,JALNA,123892.2,10824.4,6997.0,64.6,safe,205
JALNA,AMBAD,110885.0,9536.7,4064.6,42.6,safe,206
JALNA,BADNAPUR,53430.7,5670.7,3643.6,64.3,safe,206
JALNA,BHOKARDAN,127316.3,13201.5,7924.5,60.0,safe,206
JALNA,GHAT SAWANGI,108967.0,13855.4,8074.2,58.3,safe,206
JALNA,JAFRABAD,69380.5,8000.7,4680.1,58.5,safe,206
JALNA,MANTHA,80364.4,7976.1,3603.9,45.2,safe,206
JALNA,PARTUR,97564.0,10900.4,4876.0,44.7,safe,206
KOLHAPUR,AJARA,40265.2,7897.8,3582.5,45.4,safe,206
KOLHAPUR,BHUDARGAD,50035.3,6853.2,3009.6,43.9,safe,206
KOLHAPUR,CHANDGAD,75071.0,16201.0,7541.0,46.5,safe,206
KOLHAPUR,GADHINGLAJ,47755.1,11878.7,7131.1,60.0,safe,206
KOLHAPUR,GAGANBAWADA,12218.7,3822.7,756.2,19.8,safe,206
KOLHAPUR,HATKANANGALE,57309.0,11132.1,6295.9,56.6,safe,206
KOLHAPUR,KAGAL,55651.7,12733.1,5175.6,40.6,safe,206
KOLHAPUR,KARVIR,49221.0,13009.7,5356.2,41.2,safe,206
KOLHAPUR,PANHALA,39428.6,10062.8,4492.9,44.6,safe,206
KOLHAPUR,SHAHUWADI,34785.7,7484.4,1878.2,25.1,safe,206
KOLHAPUR,SHIROL,53273.0,10822.6,4170.3,38.5,safe,206
KOLHAPUR,RADHANAGARI,47161.8,15887.6,4857.1,30.6,safe,206
LATUR,AHMEDPUR,91041.0,8359.4,3918.8,46.9,safe,206
LATUR,ANANTPAL SH,17789.0,1810.9,889.6,49.1,safe,206
LATUR,AUSA,116191.0,13988.5,6748.9,48.2,safe,206
LATUR,CHAKUR,47981.0,4443.6,2783.5,62.6,safe,206
LATUR,DEVANI,25576.0,2282.0,993.0,43.5,safe,206
LATUR,JALKOT,19867.0,1762.7,702.5,39.9,safe,207
LATUR,LATUR,91073.0,9821.5,6944.2,70.7,semi_critical,207
LATUR,NILANGA,120705.0,11437.4,6577.0,57.5,safe,207
LATUR,RENAPUR,46992.0,4274.4,2808.0,65.7,safe,207
LATUR,UDGIR,86333.0,7364.7,3607.5,49.0,safe,207
NAGPUR,MOUDA,75358.0,10620.1,2940.5,27.7,safe,207
NAGPUR,BHIWAPUR,55765.0,4029.5,2124.8,52.7,safe,207
NAGPUR,HINGANA,63414.0,7585.6,3607.6,47.6,safe,207
NAGPUR,KALAMESHWAR,47112.0,6746.2,3924.3,58.2,safe,207
NAGPUR,KAMTEE,53604.0,7668.6,3192.7,41.6,safe,207
NAGPUR,KATOL,55293.0,8775.4,6210.0,70.8,semi_critical,207
NAGPUR,KUHI,74997.0,6532.5,3792.6,58.1,safe,207
NAGPUR,NAGPUR,53525.0,6042.4,2810.9,46.5,safe,207
NAGPUR,NARKHED,64323.0,9357.9,6027.8,64.4,safe,207
NAGPUR,PARSHIONI,53651.0,7412.2,2708.2,36.5,safe,207
NAGPUR,RAMTEK,63271.0,6016.2,2292.2,38.1,safe,207
NAGPUR,SAONER,56237.0,4913.5,3405.8,69.3,safe,207
NAGPUR,UMRED,82492.0,9239.5,3424.2,37.1,safe,207
NANDED,MUDKHED,32394.0,3932.2,2090.8,53.2,safe,207
NANDED,KINWAT,147562.0,15389.3,3790.5,24.6,safe,207
NANDED,ARDHAPUR,28176.0,3984.9,2317.6,58.2,safe,207
NANDED,BHOKAR,63026.0,6674.0,2207.4,33.1,safe,207
NANDED,BILOLI,58037.0,6263.2,1348.7,21.5,safe,207
NANDED,DEGLOOR,66590.0,6719.6,2370.1,35.3,safe,207
NANDED,DHARMABAD,33537.0,4128.5,633.9,15.4,safe,208
NANDED,HADGAON,100411.0,13385.5,5143.8,38.4,safe,208
NANDED,,49896.0,5381.1,2044.9,38.0,safe,208
NANDED,KANDHAR,77962.0,9887.8,2631.7,26.6,safe,208
NANDED,LOHA,84955.0,10519.7,3304.7,31.4,safe,208
NANDED,MAHUR,49818.0,5351.1,2072.6,38.7,safe,208
NANDED,MUKHED,87594.0,8850.3,2353.6,26.6,safe,208
NANDED,NAIGAON,56560.0,6963.4,2035.4,29.2,safe,208
NANDED,NANDED,40633.0,5893.4,2529.0,42.9,safe,208
NANDED,UMARI,40620.0,4702.8,1335.6,28.4,safe,208
NANDURBAR,NANDURBAR,98370.0,11543.0,6134.7,53.1,safe,208
NANDURBAR,AKKALKUVA,41428.0,5223.7,1769.5,33.9,safe,208
NANDURBAR,AKRANI,37951.0,4314.8,1022.6,23.7,safe,208
NANDURBAR,NAWAPUR,90952.0,14850.0,4709.8,31.7,safe,208
NANDURBAR,SHAHADA,113802.0,12692.5,4701.2,37.0,safe,208
NANDURBAR,TALODA,32775.0,4360.0,1837.9,42.2,safe,208
NASHIK,SINNAR,126789.0,16315.3,16020.4,98.2,critical,208
NASHIK,KALWAN,61064.0,7744.7,4821.0,62.2,safe,208
NASHIK,NIPHAD,112934.0,16538.1,15903.5,96.2,critical,208
NASHIK,BAGLAN SATANA,132843.0,12444.4,10172.9,81.7,semi_critical,208
NASHIK,CHANDWAD,79776.0,10852.4,8928.6,82.3,semi_critical,208
NASHIK,DEOLA,50983.0,6262.1,5684.4,90.8,critical,208
NASHIK,DINDORI,90388.0,11516.1,7178.0,62.3,safe,208
NASHIK,MALEGAON,158540.0,18825.6,11306.9,60.1,safe,209
NASHIK,NANDGAON,108456.0,10103.7,5959.4,59.0,safe,209
NASHIK,NASIK,73730.0,14439.7,6384.9,44.2,safe,209
NASHIK,PETH,49647.0,10115.6,537.7,5.3,safe,209
NASHIK,SURGANA,72303.0,11787.6,1478.6,12.5,safe,209
NASHIK,,68122.0,11367.9,1302.7,11.5,safe,209
NASHIK,IGATPURI,66295.0,16658.9,4208.1,25.3,safe,209
NASHIK,YEOLA,96986.0,12388.3,9555.2,77.1,semi_critical,209
OSMANABAD,WASHI,53518.6,6285.1,4158.4,66.2,safe,209
OSMANABAD,BHOOM,43220.0,4583.6,2943.0,64.2,safe,209
OSMANABAD,KALAMB,85658.4,9578.3,6783.9,70.8,semi_critical,209
OSMANABAD,LOHARA,48285.0,6946.8,4006.3,57.7,safe,209
OSMANABAD,OMERGA,89487.0,12326.2,7005.1,56.8,safe,209
OSMANABAD,OSMANABAD,118844.0,15445.9,11581.5,75.0,semi_critical,209
OSMANABAD,PARANDA,98394.0,9330.8,5476.0,58.7,safe,209
OSMANABAD,TULJAPUR,134221.0,17084.2,8635.1,50.5,safe,209
PALGHAR,JAWHAR,32747.0,2509.8,276.0,11.0,safe,209
PALGHAR,DAHANU,52734.0,4232.3,1324.2,31.3,safe,209
PALGHAR,MOKHADA,17627.0,1307.7,178.7,13.7,safe,209
PALGHAR,PALGHAR,58251.0,4928.9,1361.4,27.6,safe,209
PALGHAR,TALASARI,18518.0,1007.8,318.1,31.6,safe,209
PALGHAR,VASAI,32750.0,1749.6,662.9,37.9,safe,209
PALGHAR,VIKRAMGAD,28840.0,2495.7,402.1,16.1,safe,209
PALGHAR,WADA,34619.0,2325.7,380.1,16.3,safe,210
PARBHANI,PARBHANI,113532.0,13347.4,6633.2,49.7,safe,210
PARBHANI,GANGAKHED,51836.0,8258.9,3398.1,41.1,safe,210
PARBHANI,JINTUR,127004.0,17938.2,6964.4,38.8,safe,210
PARBHANI,MANWAT,46817.0,6570.7,2930.3,44.6,safe,210
PARBHANI,PALAM,50884.0,5721.3,3067.4,53.6,safe,210
PARBHANI,PATHARI,57963.0,7726.7,3982.1,51.5,safe,210
PARBHANI,PURNA,65182.0,11409.2,5129.0,45.0,safe,210
PARBHANI,SELU,72703.0,7452.9,4141.5,55.6,safe,210
PARBHANI,SONPEPTH,35479.0,3641.2,1916.4,52.6,safe,210
PUNE,JUNNAR,109757.4,16116.9,13728.7,85.2,semi_critical,210
PUNE,AMBEGAON,78670.7,11575.7,8988.8,77.7,semi_critical,210
PUNE,BARAMATI,137784.7,21036.0,16913.2,80.4,semi_critical,210
PUNE,BHOR,34070.2,3947.9,1673.3,42.4,safe,210
PUNE,DAUND,126393.0,16266.2,11458.1,70.4,semi_critical,210
PUNE,HAVELI,121553.7,12861.5,7804.2,60.7,safe,210
PUNE,INDAPUR,146762.1,28672.6,20229.1,70.6,semi_critical,210
PUNE,KHED,128314.7,13555.8,10542.7,77.8,semi_critical,210
PUNE,MAVAL,78615.5,8583.0,1891.5,22.0,safe,210
PUNE,MULSHI,44401.6,7601.3,1570.2,20.7,safe,210
PUNE,PURANDHAR,97519.3,12739.2,10854.4,85.2,semi_critical,210
PUNE,SHIRUR,148690.7,14928.2,14141.3,94.7,critical,210
PUNE,VELHE,23194.4,4749.6,449.6,9.5,safe,210
RAIGAD,ALIBAG,25313.0,2619.0,1226.5,46.8,safe,210
RAIGAD,KARJAT,38139.0,3550.9,342.2,9.6,safe,211
RAIGAD,KHALAPUR,31561.0,3726.0,348.0,9.3,safe,211
RAIGAD,MAHAD,27363.0,2247.9,376.1,16.7,safe,211
RAIGAD,MANGAON,51136.0,4273.2,382.7,9.0,safe,211
RAIGAD,MHASALA,14830.0,1270.3,531.6,41.9,safe,211
RAIGAD,PANVEL,35584.0,2904.3,884.7,30.5,safe,211
RAIGAD,POLADPUR,11559.0,871.8,134.0,15.4,safe,211
RAIGAD,ROHA,40981.0,4455.0,460.4,10.3,safe,211
RAIGAD,SUDHAGAD,25712.0,2515.5,281.1,11.2,safe,211
RAIGAD,TALA,8194.0,673.9,254.6,37.8,safe,211
RAIGAD,URAN,17106.0,1760.5,161.3,9.2,safe,211
RAIGAD,SHRIWARDHAN,12528.0,1100.4,462.1,42.0,safe,211
RAIGAD,PEN,22164.0,2386.9,247.7,10.4,safe,211
RAIGAD,MURUD,12589.0,1267.7,297.4,23.5,safe,211
RATNAGIRI,CHIPLUN,79261.0,5960.7,727.6,12.2,safe,211
RATNAGIRI,DAPOLI,40731.0,3223.7,847.4,26.3,safe,211
RATNAGIRI,GUHAGAR,57545.0,3930.6,1172.3,29.8,safe,211
RATNAGIRI,KHED,73065.0,5430.6,649.6,12.0,safe,211
RATNAGIRI,LANJA,42631.0,3351.6,478.6,14.3,safe,211
RATNAGIRI,MANDANGAD,26680.0,1991.9,291.2,14.6,safe,211
RATNAGIRI,RAJAPUR,76472.0,6362.6,904.9,14.2,safe,211
RATNAGIRI,RATNAGIRI,50541.0,3693.4,1087.3,29.4,safe,211
RATNAGIRI,SANGAMESHWAR,64381.0,4781.5,541.0,11.3,safe,211
SANGLI,ATPADI,84923.0,12125.6,6788.5,56.0,safe,211
SANGLI,JAT,224761.0,25870.7,16514.3,63.8,safe,212
SANGLI,KADEGAON,56982.0,13500.2,7770.1,57.6,safe,212
SANGLI,,74953.0,11298.6,8769.5,77.6,semi_critical,212
SANGLI,KHANAPUR,50917.8,12308.5,4019.0,32.7,safe,212
SANGLI,MIRAJ,95038.0,16297.6,9147.5,56.1,safe,212
SANGLI,PALUS,31212.0,7409.9,2862.3,38.6,safe,212
SANGLI,SHIRALA,58734.3,6692.5,2170.7,32.4,safe,212
SANGLI,WALWA,75922.0,9249.6,4814.9,52.1,safe,212
SANGLI,TASGAON,89315.2,16514.7,8274.8,50.1,safe,212
SATARA,JAOLI,55215.0,4198.7,1028.0,24.5,safe,212
SATARA,KARAD,88323.0,11928.4,7552.9,63.3,safe,212
SATARA,KHANDALA,45551.0,4797.3,2966.5,61.8,safe,212
SATARA,KHATAV,126905.0,11500.7,8964.3,77.9,semi_critical,212
SATARA,KOREGAON,78698.0,12693.7,7157.9,56.4,safe,212
SATARA,,6012.0,207.4,130.9,63.1,safe,212
SATARA,MAN,142517.0,13317.5,10833.8,81.4,semi_critical,212
SATARA,PATAN,93138.0,3292.7,2153.5,65.4,safe,212
SATARA,PHALTAN,110345.0,16386.0,10922.3,66.7,safe,212
SATARA,SATARA,78336.0,18608.3,8063.6,43.3,safe,212
SATARA,WAI,52467.0,8512.1,5716.7,67.2,safe,212
SINDHUDURG,KANKAVALI,46940.6,3975.3,1410.1,35.5,safe,212
SINDHUDURG,DEVGAD,48229.4,3713.6,1422.0,38.3,safe,212
SINDHUDURG,DOUDAMARG,11509.6,635.2,352.9,55.6,safe,212
SINDHUDURG,KUDAL,49252.2,4607.8,2221.3,48.2,safe,213
SINDHUDURG,MALWAN,38109.0,3304.8,1292.8,39.1,safe,213
SINDHUDURG,VAIBHAVVWADI,17782.9,1411.2,672.2,47.6,safe,213
SINDHUDURG,VENGURLA,23110.3,1843.5,929.4,50.4,safe,213
SINDHUDURG,SAWANTWADI,44371.7,2595.5,1269.9,48.9,safe,213
SOLAPUR,AKKALKOT,140705.0,13277.9,7477.3,56.3,safe,213
SOLAPUR,BARSHI,149562.0,10214.5,8098.6,79.3,semi_critical,213
SOLAPUR,KARMALA,165983.0,11567.3,8361.2,72.3,semi_critical,213
SOLAPUR,MADHA,155933.0,15763.3,12846.4,81.5,semi_critical,213
SOLAPUR,MALSHIRAS,149299.0,19557.2,19797.6,101.2,over_exploited,213
SOLAPUR,MANGALWEDHA,113510.0,9071.0,6767.0,74.6,semi_critical,213
SOLAPUR,MOHOL,136046.0,13546.1,11950.7,88.2,semi_critical,213
SOLAPUR,N.SOLAPUR,58927.0,6270.2,4210.0,67.1,safe,213
SOLAPUR,PANDHARPUR,129010.0,14527.1,10802.2,74.4,semi_critical,213
SOLAPUR,S.SOLAPUR,108415.0,10553.8,6718.5,63.7,safe,213
SOLAPUR,SANGOLA,176500.0,14613.6,10724.7,73.4,semi_critical,213
THANE,BHIVANDI,40634.0,2798.1,1135.2,40.6,safe,213
THANE,AMBARNATH,26980.0,1729.1,351.6,20.3,safe,213
THANE,KALYAN,12643.0,814.9,163.6,20.1,safe,213
THANE,MURBAD,54378.0,3576.3,342.3,9.6,safe,213
THANE,SHAHAPUR,75675.0,6022.1,716.7,11.9,safe,213
THANE,THANE,21837.0,1332.3,373.9,28.1,safe,213
THANE,ULHASNAGAR,1300.0,82.9,35.1,42.4,safe,213
WARDHA,ARVI,79476.0,9513.0,4854.3,51.0,safe,213
WARDHA,ASHTI,45935.0,5730.8,3432.3,59.9,safe,214
WARDHA,HINGANGHAT,91965.0,11863.2,6218.9,52.4,safe,214
WARDHA,KARANJA,60320.0,7815.9,5357.4,68.5,safe,214
WARDHA,SAMUDRAPUR,92552.0,13679.1,6344.4,46.4,safe,214
WARDHA,SELOO,64140.0,9342.4,5156.6,55.2,safe,214
WARDHA,WARDHA,78650.0,11287.9,6791.1,60.2,safe,214
WARDHA,DEOLI,68178.0,10136.3,4349.6,42.9,safe,214
WASHIM,KARANJA,81886.6,7477.2,5155.9,69.0,safe,214
WASHIM,MALEGAON,84643.1,8604.7,5585.2,64.9,safe,214
WASHIM,MANGRULPIR,71008.5,9129.3,4961.1,54.3,safe,214
WASHIM,MANORA,70488.2,8706.8,4363.8,50.1,safe,214
WASHIM,RISOD,84924.2,11688.3,7361.6,63.0,safe,214
WASHIM,WASHIM,88245.9,10065.5,6088.4,60.5,safe,214
YAWATMAL,OMARKHED,97835.7,14627.8,4474.0,30.6,safe,214
YAWATMAL,ARNI,65767.4,8759.5,3031.8,34.6,safe,214
YAWATMAL,BABULGAON,53129.2,5422.6,2327.1,42.9,safe,214
YAWATMAL,DARAVHA,76872.2,8622.7,3611.2,41.9,safe,214
YAWATMAL,DIGRAS,46370.6,5909.0,2444.1,41.4,safe,214
YAWATMAL,GHATANJI,75790.0,10659.9,1732.7,16.3,safe,214
YAWATMAL,KALAMB,62832.4,6246.4,2386.2,38.2,safe,214
YAWATMAL,MAHAGAON,72193.6,8168.8,4103.2,50.2,safe,214
YAWATMAL,NER,63372.3,5339.0,2849.3,53.4,safe,214
YAWATMAL,,69925.6,9289.9,1852.2,19.9,safe,214
YAWATMAL,PUSAD,98440.2,12506.3,4530.0,36.2,safe,215
YAWATMAL,RALEGAON,68676.1,7050.4,2533.3,35.9,safe,215
YAWATMAL,WANI,80596.8,8230.9,2473.8,30.1,safe,215
YAWATMAL,YEOTMAL,93284.0,10584.2,3726.4,35.2,safe,215
YAWATMAL,ZARA ZAMANI,61394.0,7643.8,1507.3,19.7,safe,215
YAWATMAL,MAREGAON,57586.8,4245.0,1406.7,33.1,safe,215
